TeamID,KPomRk,AFGM,AAst,ADR,AOR,APF,ASM,AFTA,ATRATIO,AAdjO,AAdjD
1101,-1,24.021392190152802,13.284210526315789,22.338200339558576,8.41943972835314,20.975636672325976,11.507385398981324,19.401528013582343,1.1225074447766887,106.45077812762557,110.26198622232675
1102,-1,21.980837342956427,13.779353782411121,21.182838813151562,7.21720462443197,17.339314354450682,12.846748863940123,17.575130312750602,1.306557274784081,108.72832387396743,107.27721308841673
1103,-1,24.449750905797103,13.397327898550724,22.773890398550726,11.16863677536232,19.210552536231887,10.987749094202899,19.734239130434784,1.1275654499147392,109.26954402750675,107.19309930521554
1104,-1,23.89306819336207,12.674566444628267,22.5230575268115,10.78208237189255,17.268060574397374,8.968524242820033,22.039438663706154,1.0733719214730768,113.10150562991726,113.58369016212669
1105,-1,22.957197974439353,12.225223052809259,24.08439836026043,11.962382445141067,19.483361466120087,12.29057149746805,22.93272244996383,0.8940908301166097,99.91421097475592,103.11315664312212
1106,-1,22.946067803291612,11.528834466673237,23.58051640879078,12.609342662856017,19.433765316513913,11.751322229887322,21.37644952531126,0.8851789295388561,101.58055504481491,103.78023675406932
1107,-1,23.822710827806013,12.329638642432595,25.05336089815373,9.516549659746747,16.242880523731586,10.89213613001407,16.96116159875958,1.054999584377037,108.4097221587689,111.41764829448184
1108,-1,23.240896358543417,11.053221288515406,23.373949579831933,10.848214285714286,19.8328081232493,12.932773109243698,21.91754201680672,0.7842543138402807,100.10777192291445,105.87471180255199
1109,-1,,,,,,,,,,
1110,-1,22.59363162878788,12.927497632575758,23.075935132575758,8.95614346590909,17.649739583333336,10.855823863636363,17.508522727272727,1.0719918261915393,105.64986815791858,105.87560642786846
1111,-1,25.021820911636695,12.700698404129694,24.28594082121529,11.43013428253315,18.962701170754748,11.07086102769999,21.2573804784237,0.9503797428917307,108.12801051296282,109.12863364226632
1112,-1,26.29585711822554,13.843304129488338,24.04050936616726,11.186490873990873,17.208810570652673,11.278627311522047,20.618494947442315,1.2250026968626768,115.49973814809869,110.71437425776705
1113,-1,24.361785352438847,14.306310609350124,24.01468374583876,9.20386814300188,18.287454769141696,12.050180923433203,22.61294326241135,1.2605198925216623,111.4781747731362,110.3762227198028
1114,-1,24.49979423868313,11.765698378116678,25.550744371822802,10.825756475429678,20.113773904623578,8.513961510530137,23.252505446623093,1.0376016666404173,105.0469070038268,109.72904146780414
1115,-1,19.555722787945506,10.754098149167469,22.65348493188386,10.119577370304114,18.65087467318013,18.09030119031237,18.800661380211917,0.8319436243470169,94.59717573245456,103.52392282214136
1116,-1,24.992460317460317,12.936061507936508,22.578645833333333,10.895659722222224,18.634275793650794,12.123933531746031,22.15017361111111,1.1207194128824987,108.86600627664922,110.40226487952177
1117,-1,24.38665501165501,12.01559274059274,24.15775058275058,11.316716616716617,18.788394938394937,10.80498667998668,21.92202797202797,0.9530223896752598,108.02932882822415,108.20419289018906
1118,-1,,,,,,,,,,
1119,-1,23.451470588235296,13.780065359477124,23.947222222222223,9.213071895424836,19.030555555555555,11.125326797385622,17.442647058823532,1.0385689903001811,102.24991108163573,104.97564740988861
1120,-1,24.540217622408317,12.607500360074896,23.467880804921712,10.891211086191642,18.70819101801746,10.917958992613322,19.599195146876266,1.1858975398171399,107.30146954839874,109.46560171851507
1121,-1,,,,,,,,,,
1122,-1,24.832919730392156,13.09734987745098,22.640448835784312,10.869255514705882,18.10755974264706,10.822357536764706,22.751953125,1.0396759572819887,108.86350007162886,110.50229147759197
1123,-1,23.32096935322742,12.487907254036287,24.051786922754665,10.90402339595888,18.988720956462892,10.588242402758532,21.53561760819825,1.0083573163710695,105.76496174360362,106.0534878008098
1124,-1,25.268040714385055,13.731069781187706,23.12600829817811,12.427871911362477,17.98258512586343,12.387148834082796,19.37515646006212,1.198001448239413,113.09795828137266,110.77387886377667
1125,-1,25.57713914151244,14.466661063731909,24.100986632577232,8.110070021939913,17.166443655118723,12.405477016171838,18.65623451820659,1.2722215509049954,110.80086298362109,110.36814423963759
1126,-1,23.05197615547934,11.71867548587294,22.413514617017803,11.437203984974687,19.26450269475747,10.926367793565246,20.234394904458597,0.9168369083235706,102.73011833474146,106.07691782743055
1127,-1,22.38110086294239,10.87637564196625,23.546108025014846,10.336346644307026,17.96937777311952,11.902429864095309,18.75501345072145,0.8886522136290302,102.46208091844723,105.4915941889488
1128,-1,21.775736701109835,12.340796019900498,21.905089934940683,10.620551090700344,19.343283582089555,11.11289705319556,21.437236892460774,0.9456730382875289,109.9804230466734,109.39417500048397
1129,-1,25.458493639466337,13.205336642879304,23.927544213465715,10.335905988209742,18.615567793980766,10.77348743406764,19.829475643810113,1.1004828490961809,109.66075760129462,107.16467206513923
1130,-1,24.550297202797204,15.597657342657342,23.27534965034965,10.953618881118881,16.422744755244757,10.632832167832166,19.482185314685317,1.3447807351903056,110.86018497238268,108.8444918212752
1131,-1,23.47378516624041,12.594907477057319,23.541898600872575,10.422047540243717,18.32660598766361,10.816044832255152,18.34401233639236,1.059977868561872,106.4404041255009,105.74689837341798
1132,-1,23.99123259412068,13.069514120055636,23.8222920280682,10.387031740822355,19.128557363214405,10.430188944629379,19.60594339475206,1.0348235419431178,105.38816791433176,106.91361345368097
1133,-1,22.473843462299595,12.374964149482318,23.314409040066536,10.616757965985029,18.697504086959015,10.27384417930995,23.751294203688303,1.0559628799122374,104.77386533888767,108.35435184548038
1134,-1,,,,,,,,,,
1135,-1,23.205689620262486,13.451957590148545,24.35244905847921,8.93215160049331,17.631306716733853,10.962900583503599,21.481638964051022,1.05457324810152,105.9933837000948,107.34412702234799
1136,-1,24.098550724637683,13.356223358908782,23.690409207161125,9.667476555839727,18.279369138959932,11.79680306905371,18.759249786871273,1.1486551478840623,106.87358959636481,112.1872852832415
1137,-1,21.848244693790672,12.71027564921243,23.112369245271545,8.694581280788178,19.13862281822052,9.325499452654626,19.059584625676578,1.180762629540218,105.32246810453103,108.67944735748495
1138,-1,26.346962403960035,12.874971529654712,23.87849615840141,11.68969791065626,20.44678512861004,13.676666084606275,20.59916600868535,1.0108808830421707,113.06466875472297,110.1259930171447
1139,-1,22.717959265470576,11.380974606087728,21.880762148861695,10.064044929429546,18.158202657071435,9.146914925195468,18.98702278114043,1.1970974191943708,110.23177716710518,107.40622955485372
1140,-1,26.41951257861635,14.804198113207548,25.268088050314468,10.265465408805031,19.612377358490566,11.664279874213836,21.614229559748427,1.3111581756902078,111.77930361397128,108.55481998891612
1141,-1,24.466878410360923,11.686501544934586,20.904472914338307,11.760954243639471,18.33387844323187,13.433600683715731,20.356690881598844,0.800305537340507,105.44223485436234,114.41649113426537
1142,-1,21.990290329662287,11.04897369287622,21.31594160477114,11.125727196224068,18.472023526398594,15.297468991255352,19.376692217628335,1.1691420374282182,105.06539236908773,111.33265576651641
1143,-1,24.81498881912789,13.356275622831912,23.458584186233196,10.777088529571973,18.01123462630085,10.36369011782919,19.337493907858146,1.1318769672959834,106.7900780148207,108.73481408139989
1144,-1,24.845248602530155,14.160948072962636,23.319680420711975,10.540885186819654,19.14197190350103,11.66042402177111,21.447889085025007,1.133433855653936,108.13161533594575,109.82906232600315
1145,-1,25.185007143707587,14.06565513751637,23.394555899511847,11.689457078223597,18.780650970353612,10.495230086915107,18.73049619002262,1.1878468446646862,108.32338663643279,109.16288063112948
1146,-1,25.224285379568883,13.201597157138394,24.727253202124338,11.004978912839738,19.416725242111838,12.302014995313964,22.636402686660418,1.0159336166070703,106.13122124063864,110.64374959005173
1147,-1,24.112519201228878,13.030337941628265,20.679467485919098,9.758960573476703,21.276241679467486,12.928699436763953,21.251408090117767,0.9090158133297228,105.62030280387602,110.88848712815894
1148,-1,24.509470062383432,13.011311016785644,23.0539182584089,11.491566981799473,16.435904238214675,11.264743713422085,18.88603768731108,1.0008461533784943,107.19733463358162,108.69399748653427
1149,-1,24.81519352740283,12.311249796714913,23.716417303626606,11.265063424947147,18.042710196779964,11.233025695234996,18.339669051878353,1.0620737122974195,107.57590114839323,108.49605990015122
1150,-1,24.54986870699022,13.09037335506459,24.444728661113125,12.055950440661597,18.34108263914041,11.10993903175178,22.081356392611372,1.0412349965245429,107.35295162014987,107.83170910679048
1151,-1,24.33397615708275,13.178447341578478,24.563567831187044,11.419721407624634,17.899735432870074,11.747171044243274,22.500342662246588,0.995033589735931,107.61674028682363,109.56348484264886
1152,-1,24.43109950681752,12.592761821874094,22.45905860168262,11.52355913354608,20.692740063823614,13.358282564548883,20.784728266125132,0.9445334421366318,104.12788120110375,111.02980948154911
1153,-1,24.708294261065266,12.82157258064516,23.46771849212303,12.778804076019005,17.428443048262068,10.784133533383345,17.618162353088273,1.2425803268525928,109.94151260532996,107.87869380697794
1154,-1,24.128596400056693,13.186918316246988,23.22496102423584,10.255917229649928,18.076427930268814,12.084518354041668,19.308203807814053,1.0761425752689373,107.10188550833654,112.03682008860133
1155,-1,26.027929060187123,13.461121002653261,24.769073802541545,11.400698226504677,17.96383710375646,12.464872224549644,18.460033514872226,1.2658730429630558,111.24592921254444,103.24521871720026
1156,-1,25.01150168002068,10.858862109072112,20.103272809511502,11.84264344791936,18.623513827862496,13.009934737658309,18.520160248126132,1.2098602762388488,108.84201944726524,111.05908926562248
1157,-1,24.936516350741222,12.878726671175535,24.47469245251979,11.994132377940666,18.45169722339006,10.69513956166487,19.741395068272798,1.0345002633154463,107.96399725257442,107.65877116012362
1158,-1,24.704698446542796,11.910432531221444,24.063074931465124,10.740953396283887,17.548956746877856,10.427680475175144,18.23802162656107,1.0550556832588898,107.49144904450995,107.08429500184903
1159,-1,23.512266240959143,12.73959079950479,23.5808627093243,9.318840815794617,17.758812797289373,10.687707695315044,17.432380921352706,1.025915095284155,105.86754816428669,107.76128858202208
1160,-1,23.056917663926033,11.510250314539018,27.582721567135792,10.009964303478949,18.209600754893643,11.057406296632237,22.451582204406474,0.8111618338627233,101.37410825753307,105.78714076067565
1161,-1,22.88946844362745,10.577979473039214,25.465475643382355,10.932578890931373,18.878151807598037,13.237477022058822,23.862699142156863,0.8087868942708067,108.14999819486056,110.98365124426644
1162,-1,22.985393258426967,12.862373955632382,23.682800345721695,9.869662921348315,19.30659752232786,10.561855373091328,18.141428983002015,1.050251997390383,106.18424216355527,105.95272865918605
1163,-1,25.34712153050711,12.825495168363506,25.55009188825803,12.127449222668659,16.87541729430444,10.703391958094151,21.67650974939376,1.201682613455438,110.64623758074453,106.58037081452805
1164,-1,22.664962872546027,10.984538704099279,22.9995168345031,10.90906316753128,18.260070186145864,12.463915166310649,20.449140474010782,0.8752432279914153,102.00086690762069,106.82937918234012
1165,-1,24.25727903267683,11.835646860279663,21.737838915470498,9.8255674863692,16.98227995994214,14.760218463706835,16.66109843848522,1.0792718350647406,111.73045510474266,113.1090169661289
1166,-1,24.3442581300813,14.341433063897114,24.090103505803842,9.25663946849006,17.05733254225606,10.200816141109389,17.583269205163152,1.4267528596082206,109.43652366227245,110.08682627825915
1167,-1,23.75297806740943,12.420450564081003,22.757077289608297,12.183764277205523,20.101149183659167,11.10011561908766,20.691261999859854,1.0072114270220611,105.86732003970457,107.78448757481979
1168,-1,25.583767926988266,13.086766623207302,24.008507170795305,11.153292046936116,19.39387222946545,10.319915254237287,21.10616036505867,1.0233671261461463,109.15485606241066,109.6146114154543
1169,-1,25.076125152047574,13.60070617651034,23.492887552371943,11.407470604135694,21.051087984862818,10.761302203000405,23.276033923503178,1.0029759599238162,107.39981209692795,108.44338795901534
1170,-1,24.294950352888833,13.090952294283,22.631276668891182,10.575643592388117,19.549505551173937,10.857206414689882,20.706970818418977,1.1626158635179888,106.79464172333954,110.42215460719869
1171,-1,22.811454311454312,12.0487987987988,22.743779493779492,9.461068211068211,18.55952380952381,10.972222222222221,17.477370227370226,0.9869432517397402,103.67995849809287,106.16349690789357
1172,-1,24.680128347491348,14.519836783245257,22.38468074224001,10.829789623512903,18.983198398958212,11.014096183645348,18.210463555100166,1.5127005692939794,111.77092477920588,111.09948638311204
1173,-1,22.828403570594837,12.82801458845152,23.296039126100986,10.100455402766507,19.093039730093267,9.354128546601896,18.799256496622462,1.146932209142176,104.24480874409697,105.95023331462215
1174,-1,23.497477077875686,11.836709633246011,24.623087342224338,10.419006013336508,18.559947308883068,9.944086389616576,21.168537151702786,1.0498089356863476,105.77434171335929,108.93741538130874
1175,-1,21.80646454522676,11.166883821932682,19.981909295915813,10.35410506974025,16.86384364820847,11.915509897268855,17.62356134636265,0.9669426242163957,104.79473626570922,108.95428255087606
1176,-1,23.071963562753034,14.198582995951417,21.739068825910934,7.693319838056681,18.824696356275304,11.539574898785425,17.59008097165992,1.2423594964946507,109.34347186768449,108.40019157779182
1177,-1,23.615181164959488,12.962884115578657,27.561920960097844,10.841415685674974,18.894465678030883,12.118158538449778,23.079070478520105,1.237891823092765,102.51450778011109,107.13282659708221
1178,-1,24.842529319420073,12.576315141441192,22.647836057499923,11.289777449441315,19.573121556314835,11.01993874472866,20.617216117216117,1.0481066774488175,109.04390403776699,109.14622222406659
1179,-1,23.389393377810723,12.864313071410923,23.249320484309365,9.502965159377316,17.259544106745736,11.034655300222386,20.334167284408203,1.0992779680731322,108.88810486951724,109.3464703384751
1180,-1,23.33103618568735,12.624337792942445,24.14527401155308,11.262031965520338,18.963612283379724,10.707476579569605,20.131289096405375,1.189704834041141,106.03612537066496,105.03318071166211
1181,-1,25.688035345717232,12.820288560768436,23.992943260300073,11.749594645550529,18.641624990077002,12.095600639041042,21.899040942287847,1.1668606862120119,113.90603412830754,107.35852286619965
1182,-1,25.961125299899386,15.08568996207724,23.824425354074762,11.592825632690968,18.689900162526122,12.044880427211517,21.16569924928411,1.1921260377764833,109.53929371389836,109.56145836782099
1183,-1,23.904489586889724,13.655172413793103,23.384090133151247,10.453994537384773,18.254381472630023,10.42747809263685,18.686440195743714,1.105245019436772,106.5388733439197,109.71300071213349
1184,-1,24.764506090215498,14.123293401151116,20.806844799892918,9.018304109222328,18.612309262481595,11.457309931736045,18.53485142551198,1.2646609224587693,110.62858458212037,111.40368718065821
1185,-1,22.82533437583178,11.86916921746074,22.980137077455417,11.18086239020495,19.00001663561352,11.336763042321,21.820252195900984,0.9263041919845452,104.625888043111,105.89569421368532
1186,-1,25.14004337411795,13.367433805917006,23.463091538810126,9.868218747976954,19.749117951705834,11.476119958568006,20.13125525992102,1.1151039240112568,109.66142904779286,110.70587831070311
1187,-1,23.35285953800298,13.437686289120716,24.086521982116246,11.002160953800297,18.30475037257824,12.009081594634875,21.431305886736215,1.0901411354368937,106.25854724942717,107.99794438821131
1188,-1,24.09440277691688,12.55191222959152,23.801214901134323,9.775615198661129,19.971456021818632,11.24979854955681,21.195097006136493,0.95202960288297,104.34632139250165,110.06040194768656
1189,-1,24.23034063135586,13.096113418448443,24.382394161581978,9.876471995761335,18.288622263241553,10.531354150643491,18.4818660377036,1.1043721950817438,105.62834180809439,108.85145217097644
1190,-1,25.926907442151347,12.378189493433396,24.05158692933083,11.679979674796748,18.940259537210757,11.281144465290808,21.239344903064413,0.9249286996285354,107.24964324806446,106.98787987660197
1191,-1,23.42613421251893,14.484564298334174,23.983531044926806,8.58781865219586,19.352150113579,11.050944914184754,21.947469712266532,1.1891431305231634,106.96005717754358,107.17027151782283
1192,-1,25.084423909423908,12.43492340992341,24.165359640359643,11.423730436230436,16.798430735930737,13.634765234765235,19.262920412920412,0.9583523609223038,106.03321374394116,114.82922221138693
1193,-1,23.76698822528018,13.42221591715137,23.206497375514257,11.127188253653,19.165534118314653,9.961476805220599,19.032586182437225,1.1068223343846066,105.32663007951834,106.17966166925197
1194,-1,24.984434764130896,12.906617438730699,24.040356282759596,11.212167091656042,19.24315590026916,10.469710653067008,19.926892973508995,1.0417462126536818,107.01790074337745,108.42227137601125
1195,-1,26.172826086956523,15.234148550724637,26.05812198067633,10.232065217391304,18.609480676328502,13.200996376811595,22.283907004830915,1.1179225314547943,107.1023373492788,105.93140250671144
1196,-1,24.916349684825352,13.086812543372657,24.236477489590563,10.860242814596345,16.975845405389776,12.708653568123989,19.435995691649318,1.149061922014087,111.4001667470355,105.662448704445
1197,-1,25.31782362006164,11.643807789296723,23.407011768002242,14.049908938077893,18.963435135892407,13.223679602129447,20.287650602409638,0.8424852754309227,105.01854181681065,107.37960025802852
1198,-1,23.804484097633136,11.627403846153847,23.885373520710058,10.9745099852071,19.273067677514796,10.31507951183432,21.6087925295858,0.8921350072725427,103.54904303820229,106.5055480301996
1199,-1,24.10497976991425,12.161221786655139,25.217152692378185,10.630962407389532,19.278009085351094,10.72078471094248,20.754550370255338,0.9570603174346541,105.46173039392666,103.75780808683845
1200,-1,23.645152505446625,13.1960058097313,23.06111111111111,11.346659404502542,18.30639070442992,12.74624183006536,19.054248366013073,1.0751506372626969,104.64015378266706,107.25509987122027
1201,-1,24.06601313135908,12.921484783696492,24.099008324614474,10.447322931356048,18.68484738206796,10.270747092450227,20.208448952978816,1.1295997275773833,106.8665686392064,106.0386710753379
1202,-1,23.635185185185186,12.830092592592592,23.354166666666664,10.071296296296296,17.731944444444444,12.241203703703704,19.031018518518522,1.0351994459907266,107.65190974458113,108.24942548567553
1203,-1,25.50277844527214,13.342420851856302,21.633098792502704,13.68034362609636,18.987192869157756,10.848221795025832,21.16488946293404,1.126222775673349,109.15104979687872,115.16515319297994
1204,-1,25.449336870026528,12.188362068965517,23.20132625994695,11.543037135278514,19.950828912466847,11.187400530503979,20.86137267904509,0.9299976253287139,106.64383347456219,108.24708171478144
1205,-1,24.83685167879314,13.775256992190108,24.234513717375343,11.38377778519458,18.651183165342765,10.97578599559442,19.180161537948067,1.052100768394228,105.99725511608293,107.85290237214139
1206,-1,23.995679853826765,11.259730373516625,23.49436089865928,11.002849564971994,15.997806205666127,12.398558356890376,18.871812385503212,0.9844577347189863,105.91224513308408,111.53120360292189
1207,-1,24.960141159181813,14.430086943810574,23.677254575513434,10.842821346704131,18.889297832678764,11.29991652954356,17.90819333193623,1.1850232374486074,112.43457887939674,109.59105265323882
1208,-1,23.69623254210012,12.67202138053911,24.716291166158975,11.98837576872234,18.00801770216679,11.300836254957183,21.16852980056325,0.9946535731106382,106.09388278670752,105.95328647168714
1209,-1,23.123895674300257,11.218860050890585,18.672343511450382,8.911613231552163,16.36664885496183,10.178218829516538,15.482847328244276,1.3113394816155288,105.4751898428722,112.07730671304421
1210,-1,24.863746630727764,12.859265498652292,24.116543126684636,12.072574123989218,19.77688679245283,10.252156334231806,19.001111859838275,0.9998339527188504,105.15603881926978,106.5591344739745
1211,-1,26.15408316380268,13.9570719531374,26.306763190927587,11.146648342928048,18.17890677978329,12.319730482332742,21.630898584599404,1.1980502040602796,113.1572634324521,108.03893020194909
1212,-1,23.34505928853755,11.577799736495388,24.550592885375494,11.110671936758894,19.952832674571805,13.077536231884057,20.977272727272727,0.8362504042961109,99.42297935969124,106.68578531237732
1213,-1,24.145658073270013,13.109362279511533,24.941723202170962,10.432835820895523,19.334871099050204,12.585820895522389,22.66784260515604,1.1608983669801047,108.39710397538039,107.36692559239674
1214,-1,22.80504832713755,12.040801115241635,25.887631970260223,10.20175278810409,18.786529739776952,15.444949814126394,23.24310223048327,0.8839252088912558,95.49325201136404,103.83027098205571
1215,-1,,,,,,,,,,
1216,-1,22.888201421220288,12.402413624111738,22.467563097280077,9.444131340357757,19.106254594462143,11.056879441313404,17.75588091154129,1.0185082161978045,103.88638366308209,107.43860029533371
1217,-1,22.17215541335687,11.69001912327155,22.466387172697853,9.029300897322742,17.514792953809945,9.340881509267431,21.25169167402177,0.9894092057853939,107.47747791457141,108.96240288049728
1218,-1,24.90773466512998,12.514446472019465,24.881923101549493,10.179128249455756,21.128017351773593,11.270897362018184,20.534831604558843,1.120308848474766,104.04999208536427,104.6695043101043
1219,-1,25.05820663534204,13.30303003233702,23.40147035177675,11.3904293141336,18.624363532417416,10.933878834438033,19.437862898183052,1.0683463065097913,107.51338104531013,108.52276729068622
1220,-1,24.72056489772148,12.551226614253476,23.95464075125573,12.367962437213365,18.71566572031739,10.739761228798137,21.50768726796244,1.1325789937883253,109.25103808083608,109.00582119391666
1221,-1,20.77712173579109,12.706908011343495,22.88246263145457,8.393455334987593,17.181004815077394,11.015763470400568,20.081922781519555,1.0470310257325104,101.94259915428796,106.31188709093888
1222,-1,24.753245003368516,11.5498839733513,25.42383037652519,10.656422636424882,19.60599970057639,11.337046186091774,20.455782618459466,1.2502707538471132,110.22460969411003,105.13281072850747
1223,-1,25.2122702624886,12.715653342290897,24.353471855655265,12.126133691635875,20.216517107346803,12.163803445462833,23.75862565382216,0.9091994919281862,105.28373503830721,110.05817586571922
1224,-1,22.54458361930908,10.380290551361245,22.888726835964313,11.617736215968886,18.979152367879202,11.178391672386182,22.540179592770535,0.7704163584360266,101.9208769133667,106.27123068948808
1225,-1,23.79169323712032,12.57387984561168,23.604992448397383,10.420783688538345,18.76548078536667,10.06434804497399,19.85946467528109,1.0483372128367803,107.92147217726242,109.74086017709243
1226,-1,24.20030356640264,12.446041574524546,23.032457480599895,9.680079208716979,18.04685175505609,10.765057697720236,20.76373085119215,1.0289542472813613,108.03548566202517,111.12203538813128
1227,-1,24.158354653022066,12.970370962583946,24.198137192196995,11.754868883914295,18.355652382475217,10.905172689478734,20.310393348257115,1.0649582355808,106.75222579564175,107.53293644616402
1228,-1,25.220400911772593,15.069498710948771,23.609289151952353,10.598932894668279,17.809131452087456,10.662724130327305,15.094460654229245,1.4840466943374864,109.10412125258729,105.97674521004629
1229,-1,23.50072796098129,12.873997233748272,23.793280920142678,10.211225158331512,18.544958870204557,11.025820776006405,18.171806071194585,1.0463299452085877,105.9840576942246,105.22284530963168
1230,-1,24.72111111111111,12.732222222222223,23.752222222222223,8.143333333333333,19.02888888888889,11.486666666666668,22.456666666666667,1.0841180704150275,109.60535798261371,113.41678061144235
1231,-1,25.23574561403509,13.365588450292398,22.967105263157897,11.035179093567251,18.714912280701753,12.366136695906434,19.04248903508772,1.1399027262959658,112.94497597409227,111.12150777781765
1232,-1,22.341024614152367,11.940282184775576,23.694494932380394,9.408074304550077,18.488024090447,10.514332583715843,19.866955731493178,1.0141795330368129,103.7608196309336,106.12684812766383
1233,-1,26.08240414917822,14.963037548932322,24.238726134452595,10.914486793572731,19.02496431650203,10.681597207501307,20.990291262135923,1.2146925377089137,110.19857493749376,107.94451084969864
1234,-1,25.368931360632608,13.193995627086913,24.697769534906467,11.015986280509102,17.04676781647736,12.744897103818266,19.48943270883105,1.5158259774636442,111.51677895163107,109.28979007216155
1235,-1,27.172450466200466,14.463111888111888,25.001908508158508,10.158202214452213,16.553409090909092,11.650160256410256,17.76912878787879,1.3828743280404832,112.78572982811015,109.77563198301303
1236,-1,24.974823298766964,13.556905535778775,23.703245111695814,9.382319558375897,18.108393953464375,12.00559768869628,19.31986792550173,1.1469282146815,108.67290331267279,110.21554787587655
1237,-1,24.723199809251312,12.581576855825784,21.880201875695438,10.56970274996026,17.842473374662216,11.293641710379909,19.64171832776983,1.0708398816252327,110.75641377453528,111.4201087445694
1238,-1,23.04681507670182,11.586439357622243,23.34410953978907,12.330941395014381,20.73581315915628,11.547264501438159,21.398609779482264,0.8818038219699136,100.4475769315494,103.18670758433954
1239,-1,25.10984300764305,12.82365902361771,23.54560008262756,11.959529711492117,19.222302554568614,11.677804172691593,21.58786063485506,0.9355172738991895,106.15239298662561,108.72099764003798
1240,-1,24.483872673434856,13.672826776649746,22.405668358714045,11.171125916525664,18.898318527918782,10.661793217710095,20.319682388606882,1.1379280318438814,108.48596784626108,108.93200985168625
1241,-1,24.905888972243062,12.197111777944485,22.229369842460613,11.568623405851463,18.64116654163541,13.606470367591898,14.257164291072769,1.068889445481493,109.74887831688676,113.64797594195437
1242,-1,26.705208043672343,14.403096637179612,25.898321902395836,12.09006227798465,18.423596925708097,12.191207388472241,20.223589222468007,1.1263173849810677,110.71107657402437,105.39303862160466
1243,-1,23.99340909090909,12.55713383838384,22.193118686868686,12.382702020202021,19.834431818181816,10.742651515151515,21.564785353535356,1.0890661390266443,108.73037886118847,108.18602151203717
1244,-1,24.592601787487588,12.966950099304867,22.014430238331677,12.073920059582921,18.028643247269116,11.756609980139027,19.812096573982124,1.023618491719546,105.47550466614186,110.5931697769532
1245,-1,24.60092288011696,12.594480994152047,22.800712719298247,11.99438048245614,19.335206505847953,10.125776681286549,20.110105994152047,1.082893515240319,108.3590804731763,107.39426587768116
1246,-1,25.651634622648636,13.002724843242426,24.39644226410818,12.236870136737931,18.348800710130693,10.923037697363451,21.94797631638589,1.1144353372722486,112.90708803574915,107.48904691621992
1247,-1,23.855195999881303,12.17459345974658,21.987221430902995,9.53496394551767,16.054497166088012,10.039774919137066,17.833648624588267,1.1282878238389744,108.98447843276519,113.2452400701735
1248,-1,24.27738687574341,13.892337203263473,23.309586034745607,8.519123485952656,18.003149553534033,11.449406108123503,18.942704930391514,1.1000172163592052,108.75101655426542,111.25058286921688
1249,-1,25.277737490935458,13.571465759283019,24.417638199364088,12.536118703631395,19.607872668786374,11.884857105669289,23.517868764061657,1.0109776312639958,107.10687144226843,107.79721823780122
1250,-1,22.740350332664818,11.808116862445484,23.851789068220164,11.265025626333045,19.342983000668514,10.11936936936937,24.229670041065802,1.0912277053029,106.38094388424658,108.99144148194956
1251,-1,23.167272727272728,13.863257575757576,24.139924242424243,8.16780303030303,17.619090909090907,9.160757575757575,20.071212121212124,1.1648016763454172,109.70217361318382,112.6438313510387
1252,-1,25.42775259930685,14.463892961876834,25.08542721940816,11.145094641428951,19.531808184484138,11.724940015995735,22.91132364702746,1.0950616043173222,108.84761498866082,109.31111630523654
1253,-1,24.81725865070397,12.896061753657271,23.40485752679962,11.325229820114224,18.09318785694652,11.257467244907309,21.22775860489265,1.0010272330273178,107.00769857310252,109.39472489451332
1254,-1,25.06933699549859,12.808140688181886,25.204264896620124,12.41926451514458,18.852452887769893,10.283138780804151,23.428053711757077,0.9627827148264057,107.8516293026581,108.93355265375885
1255,-1,25.324547122898416,13.849425763675113,23.726630949561923,10.11475846554582,18.607624911200567,12.315104783329387,19.345296590101825,1.0642654219125565,105.57672632230137,111.62361375174783
1256,-1,24.656345800122622,12.598002123491497,23.99562590659628,11.874482212020158,18.22402087601501,11.665101464012801,20.432160428287297,1.0657314497815045,105.73098278897264,105.11933639186219
1257,-1,25.401513808771874,13.493943556443558,23.05202458831491,11.85558796042667,18.996245689794076,12.208555557345878,19.734364425896686,1.249725428416845,112.36821424574539,106.60598447226343
1258,-1,24.415226640484374,13.631664212076583,22.664662084765176,11.577172312223858,19.197209949271805,10.586638847979053,20.76210112911144,1.1090836811492555,105.07031635178124,108.95515038171516
1259,-1,23.53376384922005,12.190028561564294,22.890124289884184,11.658242051410816,19.531143090298485,10.678784407269074,21.466918803552932,0.9589762896637827,105.9361158669507,108.72787699611945
1260,-1,23.87159456971928,12.087678324896457,24.048885948765147,7.981521322288694,16.397597407577848,9.818166129774506,16.042665669581226,0.976436967789206,104.09450694764236,106.42377149289489
1261,-1,24.730000292500293,12.303615303615302,24.554368491868495,12.553015678015678,16.46599684099684,11.38830145080145,20.081636831636832,1.0084539072422931,103.97113961889636,105.85763912465325
1262,-1,25.451099537037038,14.077546296296298,23.53472222222222,8.875868055555555,18.983506944444443,11.317418981481481,20.066550925925924,1.0990239057216025,108.01982412770957,111.94208348456081
1263,-1,23.822318731117825,13.170940332326284,24.82316842900302,10.11772092145015,18.02698262839879,11.583638595166164,18.910083081570995,0.9532974428183401,103.12941964925508,106.4215704769637
1264,-1,24.26130614237529,12.08642153381857,22.76922081188236,11.490409935499141,21.300161991833836,11.111737380910114,21.552332978282738,1.024120012543258,107.40828662746804,105.65349115406437
1265,-1,23.790824808184144,12.704987212276215,24.460677749360613,9.600095907928388,18.00140664961637,11.16633631713555,20.18868286445013,1.0320910716103844,106.65724990975411,108.72428263868325
1266,-1,24.642002685106135,13.135034579431132,22.98604081535116,12.103471928040893,18.506489006489005,11.05798523083006,20.414844036826796,1.116084661507308,110.89439967513594,111.26488891184431
1267,-1,25.11788888888889,14.102592592592593,21.392407407407408,10.117111111111111,17.348333333333333,12.833777777777778,21.98974074074074,1.1063500222543148,109.01007952148044,114.57632327522609
1268,-1,25.52929643334361,13.643969061568505,25.163728286565934,11.409669544660293,18.12768270120259,10.10674786720115,21.61640199403844,1.1870753840182098,110.2912632069588,108.01883993696488
1269,-1,25.239621427108627,14.391789298148094,24.742386120944385,11.78346888622334,19.48890465463269,10.869569351394048,20.529914279863082,1.0926206312559272,106.26980596986371,107.10008318197742
1270,-1,24.422183507549363,11.922110917537747,23.976626016260163,12.07571138211382,19.271631823461092,10.889372822299652,20.805966898954704,0.9443592229728516,104.98039674745519,108.1836712277983
1271,-1,22.513515301172944,11.481722374107065,22.815757562395273,11.885516800423318,18.977378957580036,12.224700149925038,21.188828379927685,0.8467467434134824,101.30027916127884,108.44059182134063
1272,-1,25.379260005033977,13.418384249937075,23.161897233408844,12.887909535195906,19.22324439969796,12.649639493665575,22.163736733366893,1.1854798859193982,109.24894835678933,106.94197083962678
1273,-1,24.773311423566433,13.507793727812485,21.26078177562125,8.35009766381943,18.101872664982096,12.587374238454741,19.772447176275442,1.5029286701105127,116.94873293836659,122.57990053877529
1274,-1,24.043951612903225,11.416532258064516,23.291898826979473,10.754215542521994,16.63566715542522,11.859640762463343,19.108211143695016,1.0432386554665019,111.67757212579133,110.26514748021067
1275,-1,22.51560283687943,11.850308356460069,22.839831945729266,9.279309281529448,18.072301880974408,10.105481036077705,18.28376503237743,0.9891710454221375,105.39364708957274,106.79976738837098
1276,-1,24.436321801645317,13.212173409567924,22.233300262156924,9.351301034152774,15.465699359886774,11.096292711072511,15.402857791931034,1.4397230926540023,111.71135212174578,108.83013955935084
1277,-1,24.635870098039213,14.926184640522875,24.87516748366013,11.201952614379085,19.88200571895425,11.304493464052287,18.678860294117648,1.2292650358137072,110.2158774888869,108.13866004150722
1278,-1,24.885881542699728,13.66254143904375,22.84412966335154,11.407114675257974,17.877782836064807,13.12404164915721,19.976055236494375,1.3616600404282946,111.54251833519649,110.17318782416615
1279,-1,26.824954999763158,14.341227322249065,24.586201506323718,13.175230922268012,18.978541992326278,11.439495997347354,17.506696745772345,1.478026441818657,108.18228937670091,110.68623317857057
1280,-1,25.14694520469837,12.611044588892689,26.146517561865664,11.527568707948454,17.430764625384878,13.213864180636332,22.21532529364808,1.0480693909678784,111.01079605575791,105.14068360214088
1281,-1,26.4295475766064,14.358513708513708,23.313400814871404,11.056527459468636,19.423268398268398,11.172440794499618,21.13470206264324,1.5884757237303582,113.03775720964518,112.11658500339945
1282,-1,23.931147540983606,12.040749414519906,21.94871194379391,10.279911527452512,19.576190476190476,11.805906843611762,20.465703877179287,1.0456434036247122,108.37745204736373,111.37314791570824
1283,-1,23.538754480286737,12.437275985663081,23.34094982078853,10.778897849462364,18.717517921146957,11.1709229390681,20.088933691756274,1.1099416718696589,108.09044401638954,106.54219550630475
1284,-1,22.433200798021804,14.742736315612003,24.880918427559852,7.852776919186242,16.68464440260762,16.80348010565359,16.505107058559066,1.2565031244872298,98.55077204682603,100.21206775337743
1285,-1,24.67351406365655,13.92347026893659,22.6251745620528,9.489132741179374,17.45837157660992,12.225535405872193,19.59291080680977,1.4221899627838517,111.3912275442103,115.08151389338336
1286,-1,24.2589871637701,12.814109035840485,23.318228528160382,10.396147328189226,19.062765919088484,10.38969315641451,20.463708805076802,1.0829659164675296,108.36008266058357,110.81769581500429
1287,-1,21.74855561105561,12.057717282717283,23.048726273726274,13.246511821511822,16.656643356643357,12.316650016650016,19.329462204462203,0.8287777505130778,100.80603077197458,104.82357227229654
1288,-1,24.243631155533887,11.878885299853732,23.098473305704534,13.275452523159434,19.906973732325696,11.813718917601172,22.37378870063384,0.9361312422654489,103.97913643679286,105.01072129970635
1289,-1,22.05,11.15,23.725,9.95,16.8,12.025,22.15,0.8398177421714348,100.83350686863983,110.46828356262219
1290,-1,23.707423795476892,11.969100294985251,23.43262045231072,12.793682399213372,19.36715830875123,13.587586037364797,20.375024582104228,0.9166092473282006,101.84295248371713,106.40330464553071
1291,-1,23.31236963339786,12.260489353081528,20.888907021413885,9.609280976605291,17.21790730653221,12.427002205915455,18.268872206965888,1.1799092759378416,104.79863393831982,111.85786766674613
1292,-1,25.105901304416157,13.451276913405627,22.254058620147728,10.71513044161559,18.97012415527267,11.75412148357693,18.589501807323586,1.2889260122405075,109.92717898746055,113.99192499346285
1293,-1,23.995404286077086,12.826346969075388,23.69935435347438,11.761757897204479,17.251543300318424,12.054608900349685,19.676969173064528,1.083073709360233,107.44365341754659,105.46377277232733
1294,-1,24.75008550906396,12.453106829323907,23.50894994869456,10.512130885873901,19.66897731159503,11.64514878577129,21.27619427659332,0.9776782933779371,110.91222798860544,110.92015101127811
1295,-1,24.679707792207793,10.798376623376623,24.670995670995673,8.121590909090909,17.896915584415584,10.876406926406926,19.14534632034632,1.084712913722126,112.52820082853734,115.83462758615124
1296,-1,23.58697286523533,11.995637806839639,23.756932302958248,11.672529547520806,19.764590181131545,10.701561297992866,21.499195747954403,0.9065913759138758,106.10606723500445,107.65013555364237
1297,-1,25.067307692307693,13.793740573152338,24.143947963800905,9.632164404223229,19.02978883861237,11.901866515837105,18.448340874811464,1.242394235916551,110.33620910955946,109.77940726058769
1298,-1,22.83574540927482,12.976034858387798,23.36243386243386,10.916122004357298,19.47331154684096,11.277466542172423,19.982337379396203,0.977267566504687,102.66514416220315,105.03271511169797
1299,-1,22.611012417456216,10.144227318403676,22.492571059431526,8.289414656904967,18.75981553258685,13.957669394200401,18.405218202698823,0.7904107855765206,99.73894402116488,111.66432993631375
1300,-1,23.060923653715065,12.797051806407634,22.988087934560326,10.540695296523516,19.125306748466258,14.511349693251534,19.923023176550785,1.002937753307932,103.3387652218623,105.04927152572537
1301,-1,24.981102631473075,13.071929535445815,24.11590257081581,10.689224747545083,18.078587134470347,9.810841789760682,19.93030449327973,1.1587693819248206,110.69497736290529,109.11352905623764
1302,-1,,,,,,,,,,
1303,-1,27.698105263157892,13.515157894736841,23.946105263157897,9.60778947368421,18.14821052631579,11.825894736842105,21.274105263157892,1.188603007040395,111.50665851046074,114.8738530516583
1304,-1,23.36796495917715,12.484360926286428,23.917170293750182,10.322202690530842,17.978266554319084,13.139734724118895,19.38688729406979,1.0993724437485457,106.17115461026461,104.33472756536116
1305,-1,25.167313664596275,12.500841097308488,24.841407867494823,11.753985507246377,18.023706004140788,9.337474120082815,21.235455486542442,1.4133219250049698,109.9665599706884,109.55069988309155
1306,-1,21.678867302052787,11.30141129032258,24.433889296187683,10.257844574780059,18.08863636363636,10.524358504398826,18.96957478005865,0.9764028679920081,102.72579167862901,104.73866111299002
1307,-1,23.333306033306034,13.433360633360632,23.2756825006825,10.618427518427518,17.33589271089271,9.400832650832651,20.845618345618345,1.2799344579170555,106.60332566390991,105.51309677702292
1308,-1,25.183897342003917,12.846723277984722,24.312646000378813,12.14993055117116,18.06946461266494,11.829384746511774,23.041448323757812,0.9950244099964584,109.56697238692863,107.05092135935382
1309,-1,24.156942213134705,12.308334550411372,22.786098534638043,11.674626357042014,19.1712063677523,10.958655859013678,22.593045616084904,0.9483890808615216,105.26251752518357,108.62849763890335
1310,-1,24.123391608391607,11.48277972027972,24.795402097902098,14.151206293706293,17.849615384615383,14.280104895104895,25.008181818181818,0.9169490976687751,105.48303585120274,111.09982606032844
1311,-1,23.759102255121363,13.320967464279565,22.5139223618523,9.65839645377862,20.013728696849718,12.596574281287658,20.45683422275779,1.0000510367039062,104.79656694207853,109.58355944709535
1312,-1,23.219728048699796,12.38595910805267,24.408456295904188,10.085919407132932,19.801842784357838,12.004102428372924,20.260140276583073,0.9922099850424898,102.2055536597529,106.28235093576383
1313,-1,24.49036072444245,11.494742553509955,22.02027765304595,12.88133138751684,20.412516838796588,14.858715012722646,18.57336102379883,1.0089242558891787,106.60120182138716,121.67907221994646
1314,-1,28.25903774587985,15.71644072301967,25.603639464823672,14.069603934077618,17.54549884813043,12.800810738968634,20.668864079390396,1.4145890233916574,113.29725333757274,109.15811424929858
1315,-1,24.628863636363636,12.61809090909091,24.204295454545456,9.021795454545455,19.492022727272726,11.717204545454546,21.631431818181817,1.0714948918382958,106.78637472949426,109.50034420959472
1316,-1,24.577445884276546,13.163799204431754,23.940649632720795,10.410986651048148,18.164128657539596,13.279486053151768,19.638699758401053,1.0126067900075912,106.18256411469326,109.80408232412728
1317,-1,24.85702920881624,11.482045956990689,25.025658203255844,11.77436021973605,19.540036511020297,10.713974676760234,22.74379480136665,0.8797823705783356,106.84109500303558,107.98487208431123
1318,-1,23.845079268820932,13.260395910941696,22.578777902913743,10.064649571168673,17.07793323514973,10.200864882035289,19.59233590343354,1.1090462124418572,108.2537339016377,108.11885450438785
1319,-1,24.82073114950213,14.198787868125681,24.11977059216776,10.08887794236656,18.980234685619788,11.795125083564969,20.572983005524083,1.081427448381982,107.63620879874239,109.98945358700018
1320,-1,21.574547042609595,11.079794237960638,23.224111861163294,8.038583674221808,16.777459444512722,8.250379659053003,18.238392966870908,1.1006433524145571,109.01759450357878,108.59387001449528
1321,-1,24.638356501236746,12.991617606642269,24.1435132281255,9.304641054199875,19.71177657558619,8.411265242358931,15.94552167561078,1.1954432114350193,107.3981618246624,107.83855374571607
1322,-1,23.621010837770946,14.045029250731268,21.512154991374786,12.764062851571289,21.14528800720018,12.045385509637741,18.319489237230933,1.0216478465365793,99.48831857524974,110.40410550385283
1323,-1,24.58499813654308,13.88323544433095,24.287171824531377,10.21869288849626,15.227012533473207,10.449855409546421,17.019751263009688,1.3843075266062217,111.05672662651642,110.68829873286248
1324,-1,26.66729691876751,13.374597338935573,23.30747549019608,12.587920168067226,17.365003501400558,12.936904761904762,21.373721988795516,1.1134182504736572,113.15373831147575,115.09118775976958
1325,-1,23.398290043290046,13.307229437229438,22.13698051948052,9.351060606060607,18.34449134199134,10.086385281385283,21.05417748917749,1.0951299646589532,109.34708512503471,108.1972582919194
1326,-1,24.577551679586563,12.874988254639417,23.580408738548275,10.135291872210477,16.771159267089498,11.324324641766502,19.807599248296924,1.196338671994736,110.65214599690715,106.56606406470343
1327,-1,,,,,,,,,,
1328,-1,25.103760460514884,12.812802815440925,23.58488323645855,11.998638965336204,17.402792857049437,13.209464629026563,18.742196535301844,1.09793270039668,109.30344084118917,109.1842835087391
1329,-1,25.21296844830613,13.5630741325844,22.60463840617869,10.413951421800949,19.34411386109648,10.560069992978761,20.29351157041718,1.127183119120343,112.72314287059518,108.46869594205343
1330,-1,22.03706831548786,11.800343085507464,22.57586336902428,12.067267380485598,16.40101794601116,7.997409892927161,16.821384406575177,1.1268031996975574,102.99864565554375,104.06790135207271
1331,-1,25.330618493570114,13.36338028169014,23.82424984690753,11.279148805878751,18.443417023882425,11.19761175750153,21.322030006123697,1.106567467435168,111.0013356538246,109.74469803908357
1332,-1,25.23176165727038,12.686057522903454,24.0542782475922,10.332962620389946,18.644926738313366,11.058249647639183,19.231860758750294,1.1735389105987242,112.10729495999539,108.42970576142989
1333,-1,24.238246206246387,13.167563786759116,23.16637776358605,10.837127086944623,17.837628865979383,11.653901712130889,21.320173037739867,1.06175892047337,106.51417925226067,107.39306050652522
1334,-1,24.042205896372565,14.169088731588731,22.163348864737756,10.35478732700955,17.46229960118849,12.111220347331459,19.02236661264439,1.195779980216383,109.59496667461075,113.47108637164288
1335,-1,24.00165400843882,14.230902953586497,23.62713924050633,9.727721518987341,19.09165400843882,12.412886075949366,18.93701265822785,1.1074429877854646,105.61927966048367,105.65558202515506
1336,-1,23.44394182317911,12.459058634906093,23.43472285845167,11.168002748511224,17.648677278973892,11.852153000458085,18.847572148419605,1.0944742103910747,106.67009388456152,107.30149724508573
1337,-1,25.005054496361424,13.219689485989,23.538608449405643,11.092339227501729,18.546206658105305,10.967475056801344,20.76786361091903,1.1270448742635002,107.66504789461396,110.70120905202259
1338,-1,24.48912344703659,14.341258868544164,23.938739272547014,11.851819794280757,17.418976748148836,12.164290748830435,19.589070777953342,1.3440112991843045,110.69611500389846,106.25758578352986
1339,-1,23.975958142361968,13.204803443234276,23.365589013191396,10.040297011811475,18.970208466807946,12.264164736418444,20.132464310942453,1.0849407063637346,107.59307726285158,109.21036415030042
1340,-1,25.774405964741135,13.856125008710194,22.761514877012054,11.158211971291198,19.23122082084872,10.721221517664274,21.93544003902167,1.1366687977347274,110.6471413547069,111.08927426103087
1341,-1,23.611861320138818,11.26862350960382,23.333324743153625,12.011854447995052,20.636918874342854,12.615383293818507,22.03970381060372,0.8519927960228234,99.77804271409094,104.59537643010661
1342,-1,23.070844975023284,11.911036322072643,22.663957327914655,8.583439166878334,16.242210651087966,11.889340445347557,17.56223012446025,1.002801074135261,105.86846363666416,111.50802083706964
1343,-1,22.023952839562792,12.522978292440573,21.87972941985783,7.933807230757472,18.072727967591533,10.596757242222733,16.188058931437745,1.128302227478599,106.75118622825038,105.43961112384517
1344,-1,25.09119214740599,14.532919100865545,22.46305280835977,10.799538040487844,17.446902766015473,8.049813158788714,17.873732661566216,1.6360248462246103,109.03954544020277,111.9092340088892
1345,-1,25.22930324622418,13.619224995096339,24.776905701324242,11.180333816784103,18.51435287694072,11.813537548848018,18.703530573703297,1.2653821491763262,109.86228221964467,107.27067376460161
1346,-1,25.466077936641437,13.890407438557144,25.569479487898327,13.760022427810485,19.92559106625549,9.3370713017475,21.882113821138212,1.070329039302287,108.67214733623278,108.37796924807313
1347,-1,24.41220452209661,12.646719767043507,25.218036998972252,12.174897225077082,19.245880438506337,16.614208633093526,17.408204864679686,0.9247491134218373,99.72656198706794,110.06148029584955
1348,-1,26.27650450766889,13.016976934785154,23.021133356749797,12.04584504156422,18.490069956679545,10.962665378761269,19.474117492096944,1.3240219633548653,109.7231956869543,112.05535764184768
1349,-1,23.93840912962017,13.55,24.226315789473684,9.974748765116676,18.554130471810595,11.188834951456311,21.14159427695452,1.0689505429855535,106.30775077262835,107.81810343145301
1350,-1,24.383427279830336,13.593829063883618,19.85273886594486,9.573606150239982,17.259479527104958,11.535412480931651,15.439471946273764,1.8555180783503036,111.73442271027508,115.70826110099063
1351,-1,25.055041152263374,13.402006172839506,24.525012860082306,11.0659079218107,18.37937242798354,10.536265432098766,20.830632716049383,1.0628717308980211,107.5260661695257,108.64918743774325
1352,-1,24.949530768679708,12.337040618955513,21.198631707142347,10.845479618883875,20.46886954652912,10.522494448026363,21.682348305752562,1.4458694890576653,107.05590142420243,113.54463217263897
1353,-1,23.66103042348265,11.966373643173828,23.985009937318452,12.122328390154411,18.204402996483715,12.162008867145696,19.52019568873261,1.0051378769107764,103.98450130131761,105.80984225857327
1354,-1,23.967016680064308,11.660788451232584,23.503885316184352,12.068127009646302,19.261187031082528,11.794555533226152,21.109542470525184,0.840519718702297,103.62519110087129,107.6712644672925
1355,-1,25.02526595744681,12.648982024944974,24.540306309611154,10.461665443873809,17.97225788701394,12.701027146001469,20.870689655172413,1.1598283148531927,112.25677188762918,111.02030688342067
1356,-1,22.51806156806157,12.213949013949014,20.67813852813853,10.348340548340548,19.684199134199133,9.613371813371813,18.828787878787878,1.030214100594539,104.76739262432778,102.50865275303565
1357,-1,26.13118811881188,13.98787370593737,24.114675718386174,11.522156287289967,18.955639049246948,10.395588093011256,19.615361047505402,1.0260254774865492,107.64671731862782,108.6997752062737
1358,-1,24.019675168955743,15.354243877625173,24.12920572632803,11.874754741661217,20.927022018748637,11.358077174623936,21.933089891722986,1.2070308610443516,105.88796911360959,105.76722206899069
1359,-1,23.217794284949473,14.086737937495817,22.007511878471526,7.674019607843137,16.86715351669678,10.907699257177274,17.7461771397979,1.1969033286776858,110.21206244721628,111.52499164479191
1360,-1,24.63705671529175,12.124245472837021,22.275732520120727,10.904395120724345,19.56542379275654,7.829524019114688,19.337446554325957,0.9556485665972548,104.96783200991644,108.61950844121498
1361,-1,24.088651945956844,11.51264115749143,24.68662406735229,11.97195755192579,15.928312159709618,10.727118622706191,19.29624798346441,1.0867840704207732,108.74485965585617,105.47488665265261
1362,-1,24.958780256288563,12.940602752729,23.744478721721244,10.643711438063598,19.19703369719981,11.192619838633128,19.98641828824553,1.100008346995331,108.21775202810429,108.87645487834327
1363,-1,23.737170731707316,12.808476964769648,24.096271002710026,11.005929539295392,18.114135501355015,10.520672086720866,20.147544715447154,1.0724987473780812,103.92070860562151,108.09867072393095
1364,-1,23.46284309298008,13.492975061468211,23.47069597069597,10.310176125244618,18.420618194590798,11.154097044508003,19.093005168347634,1.1768230380959657,107.63166188823999,106.86083798799835
1365,-1,23.411973111901936,12.948185053380783,23.165353894820086,10.225140371688415,19.19884539343614,11.595270858046659,19.42198497429814,1.1106899337592857,107.27098373694388,108.39250666961914
1366,-1,22.627463230775533,11.478931951329429,22.853066491867754,11.653703551968537,19.98049899627187,14.07631406448441,19.628569380146665,0.7881169655944289,96.77851936951515,104.10921764856403
1367,-1,24.73491379310345,13.940517241379311,23.916666666666664,11.845545977011493,17.94367816091954,11.828160919540231,19.124281609195403,1.1771995452368076,107.33326493490031,108.88905189492048
1368,-1,23.76691455234762,12.706620005832605,23.019739720035,10.43775517643628,18.978565179352582,10.714494021580636,20.356554389034706,0.9791422889836154,104.78277869664629,106.06289637804011
1369,-1,25.263310782402627,13.935395405725643,24.058861751328212,10.425419485533006,18.823462523410925,11.269368956159461,21.009402591445934,1.1355773784828362,109.59487286815485,110.94009926072019
1370,-1,24.970061022120518,13.122616323417239,25.027714213068904,11.753432494279178,20.057653190948386,12.264937706585304,20.120264429188914,0.9845248504758184,105.22027338223776,105.59021931817291
1371,-1,25.506875042740056,12.111753025995721,23.666241708429805,12.158691372859334,20.38405844885359,11.216717710500864,22.547239969520238,1.122280425326889,111.45098269831192,113.37555000925538
1372,-1,22.463261918185808,12.945067760863665,21.858721731504104,10.968418112718997,19.41687287268475,10.200228653761824,21.291135751425173,1.2445025240875776,105.43127780715471,103.81612595514396
1373,-1,24.779384113984875,13.222894817476565,24.785042270783713,12.858218777420298,16.692971002381647,10.458886962213958,22.90026149389267,1.0056224662760007,105.47697099986564,105.297032393584
1374,-1,23.848765432098766,13.382098765432099,23.246090534979423,10.95082304526749,17.104732510288066,12.139711934156379,19.254526748971195,1.0852308551859255,108.64791394281096,105.44037415392734
1375,-1,23.855654761904763,12.187599206349207,23.734722222222224,11.386904761904763,18.77609126984127,10.959722222222222,21.24355158730159,0.9573820712617034,106.40992630634915,107.48675508856422
1376,-1,24.266818495315825,12.05526179665498,22.741080665555494,11.551856428530375,17.272063049600554,11.908134088165987,21.113012960514972,1.2135619753684594,107.98682152969351,106.45657147928691
1377,-1,25.821454202924553,13.349757782362968,25.190342693101282,9.293531891988875,17.519534403875483,11.452251726922041,21.04952005023773,1.2158753048187259,109.6932212349351,110.21191150243395
1378,-1,22.229938271604937,11.76473063973064,24.14330808080808,10.632575757575758,16.662457912457914,10.491512345679013,18.786195286195287,1.007704307134288,106.7162425167669,103.64891913179318
1379,-1,23.220517276285598,11.985642461870698,23.43581286273451,11.002758469429072,18.650129909569443,12.279499595087056,21.202768592252667,1.0693214002676381,106.5703606985042,107.48009821245009
1380,-1,23.202190063197527,11.338501748016673,24.525371453543094,11.437516807852628,18.74807550087401,11.92602864058088,21.186987360494825,0.8458293864810447,100.64643179444673,102.58517009965038
1381,-1,24.347762392133255,13.472235601043549,23.2639273530002,9.130915111378687,20.61133855107365,11.549899658840056,21.023289183222957,1.049150458698756,107.902278342599,111.50758745037703
1382,-1,23.19202470461869,11.759720730397422,24.78668098818475,10.051235230934479,17.314393125671323,9.985096670247046,21.54248120300752,1.0786259726226617,103.27836326255496,104.75645020013864
1383,-1,23.8797449085869,12.361718662372414,23.137063564549983,11.822189107340288,20.058477142719802,10.044657020622026,20.21494495986156,0.9469788054605093,104.12604498348716,105.20497789194548
1384,-1,23.730481571159537,13.082647296206618,22.623997847726663,10.067527576002153,17.341915523271453,11.42364810330912,19.460102232983587,1.0599051218405109,106.80102253785975,110.34054047952337
1385,-1,24.570901098901096,12.559150183150184,23.67542857142857,11.774542124542124,18.63501098901099,12.17238827838828,20.17229304029304,1.0731169429320202,104.97819905203121,105.53036953038162
1386,-1,24.781326721477036,13.174833755316275,22.785974104945737,10.03121328392814,17.738070210375092,8.720831614582593,19.299804951424548,1.2977476048834449,111.96870947992116,110.5753759079027
1387,-1,22.358160801542976,11.947469932566634,24.001388210886013,9.089105730161236,17.92725637362585,11.452007566512082,19.33882605397541,1.102019133084851,100.75459146112993,101.21423745568964
1388,-1,23.69748051948052,11.433567932067932,24.125646520146518,11.08513086913087,17.18837062937063,11.050051115551117,20.711560106560107,1.0295751183794448,111.92608346514967,108.18544231486155
1389,-1,23.229124680403068,11.651293427583095,23.148232816964956,11.625086479169799,19.102812453000453,10.256813054594677,19.358324560084224,0.9310977468127418,103.9223476329308,104.57489314145872
1390,-1,24.70010619271183,12.84471272076906,24.903375810418062,12.257332886206125,19.084238765928905,12.416510172143974,20.663156718086295,1.1044434108872023,107.25279192548525,107.79845964735712
1391,-1,24.451168795332702,12.39689766635131,23.16183774834437,10.877700252286346,18.453553689687794,11.215557000946074,20.234498186691894,0.9828548131564879,105.0620328773308,109.52167495225518
1392,-1,23.165389853592103,11.169460178908595,23.69731018045625,11.87071687250441,18.457052651128237,10.94707029436345,19.192249357724332,0.9531820309515515,104.27075038060488,103.83022178696994
1393,-1,24.767972509723776,12.842289373063485,23.607943558133915,11.88688141384842,16.782203836772364,11.019749708836002,19.807910046805986,1.0487174433503013,109.33568378131687,106.19588954139392
1394,-1,24.218902384165542,13.068457040035987,23.302015294646875,11.404921277552857,19.719460188933873,11.858623481781375,21.60600089968511,0.9439239371395483,105.59544161677658,106.9962582391066
1395,-1,23.955122152720406,13.70410421338369,23.23692169243479,11.195473858137614,18.767836067508554,12.431716924347928,21.823785849167944,1.1110186720392252,105.88121340119989,106.3915198482627
1396,-1,24.0300901378579,12.350333598444681,22.091688022858488,9.919778042889124,16.642353746907034,8.456422322375397,18.183641157063747,1.4112988911666253,108.92564416127765,111.51583476173712
1397,-1,25.855532288224595,13.841625255086793,23.148129648129647,11.990084701623163,18.929324948555717,10.929730525884372,20.802165782935013,1.3037471650853227,113.91734806542986,111.48582177137486
1398,-1,24.185855263157897,12.541636376853738,22.912619947659202,11.055866530968306,20.156522608316372,10.98795979936028,20.882133250945042,0.9406067549916226,106.95375920421925,109.49983474361773
1399,-1,24.950691321006165,13.249000499750125,23.749242045643847,11.776278527402965,20.423463268365815,11.10457271364318,22.753889721805763,0.9396891502297888,107.7406338004308,109.77995935703913
1400,-1,25.46122304982599,12.585773968678382,24.951896061454885,13.223219060351415,18.721437059672354,10.864288101604277,21.11161907944996,1.2037794983621215,113.05694655580984,108.952400111722
1401,-1,24.694353372188573,13.560806867638554,25.5137352771099,11.353384742977143,17.70091190613872,11.751083482971666,20.36069863347232,1.161599507028178,107.71316861473773,105.1284181049772
1402,-1,24.452537593984964,13.270206766917294,23.257424812030074,11.534022556390978,20.701127819548873,10.6171992481203,21.83468045112782,1.0010913116731501,105.96411103792398,107.09934012556104
1403,-1,25.47806736353078,13.199463942561502,23.095401119206,9.83958621053743,17.152150248125857,11.632106324569738,18.440530250237565,1.2223041392012837,108.87795938160409,107.65316068028737
1404,-1,25.000046735960517,13.148975547745458,23.11557803035968,11.595070290884617,18.443617737231733,11.880926119793614,20.76276826441337,1.0468879410038778,108.73023156590534,112.01390920382062
1405,-1,24.538449163449165,13.419204106704107,23.16500672750673,10.26887358137358,18.094579969579968,11.323995261495261,19.917317479817477,1.1066948183448282,108.07930136890448,108.63842376115616
1406,-1,23.72341899722852,12.030045351473923,24.247071050642482,12.017384731670447,18.67406777525825,11.298721340388006,21.88092088687327,1.001235251868632,107.10681856236988,109.6295463712768
1407,-1,25.63264015506168,13.062451748550403,23.65578442484272,11.49338852477866,16.542839074229207,10.726613446344388,18.651209776770315,1.1464219130161835,110.10015532192904,110.57724357041761
1408,-1,23.44442826635605,13.211657930498934,24.075422248107163,11.128640069889343,18.494709765094157,12.184915550378566,21.26288584740827,1.028771577659319,105.05882568078049,105.93296445648312
1409,-1,26.088201754385963,13.628157894736843,25.687412280701757,10.081842105263158,16.293771929824562,10.909473684210527,17.104342105263157,1.0973529953390586,110.4985897923581,107.30105603988576
1410,-1,23.03912838734535,13.530908857399718,22.941146881287725,10.283306220300528,19.47077143713344,11.840789417355195,22.307247741769768,1.0512977180089629,103.79806658136725,107.46678328388079
1411,-1,23.421947577969476,11.06285017743285,24.118768933383343,11.622044228383487,17.276148985891922,15.794024984853293,23.102887250800613,0.8322704533273263,104.35902692150518,105.12039748917667
1412,-1,25.304311926605507,14.542068042813455,23.00355886850153,12.518807339449541,18.88729357798165,11.09039373088685,20.363669724770645,1.20872452451972,106.4238601778301,109.87423384426808
1413,-1,22.62261136004217,11.785747232472325,24.424831971534,7.87766319627482,17.53550562291337,15.949558513442277,19.89655267088385,0.8266555910808767,99.85431459315214,112.69465820748884
1414,-1,23.065527991122273,11.187560231288145,23.882716905644948,9.904513331191776,15.44844931810881,9.642043629354905,16.00653053178752,0.8860621900659686,106.2038367051214,108.48929025506156
1415,-1,23.021133594879206,12.145044393970679,23.483718769357836,10.381488746644642,18.56771629155482,9.998410076398926,18.996851125335535,0.9572164914668895,103.14766406244539,106.86795950189304
1416,-1,24.07193396226415,13.069288628250892,25.63744050654428,10.59316568927418,17.33878867074622,10.989073389427162,17.19226478837328,1.0220462295288812,107.15153151412804,103.03770714284465
1417,-1,25.48174804521619,14.175074595155511,24.481673534861258,10.860952735157877,17.83486793027357,12.476599312828291,19.34319171049552,1.3915410521453073,108.8862480788878,107.40769302525818
1418,-1,25.456441817151187,12.751097254838449,23.584120171673817,12.319815369665559,19.658822576726863,11.214227872702242,22.07133371123168,0.9674180501595518,108.0352891084577,107.51014642450453
1419,-1,23.831191006062465,12.328370808073057,23.232368966311107,10.898376947279564,18.25491136520605,11.738700023022025,19.56104673470954,0.9924476642335602,105.1210931146347,108.38478383234533
1420,-1,22.304496591279857,12.33149588721172,24.148021740250375,8.005690501949067,16.427131094053202,13.916885614685832,16.998044493671973,1.0531771803907444,102.78357485465317,101.39289777476455
1421,-1,25.011928037319063,13.8740224325993,24.062375660286754,10.702390752555395,19.21146755162242,12.849699012142416,20.98616827879536,1.0744813725212277,107.23166534532993,114.40493292870433
1422,-1,25.02374887863642,12.381752210688198,23.48092880943227,11.717087978982443,19.20595444059977,11.800341214917339,19.916810841983853,0.9556216316725196,106.73512348112996,108.62029723267702
1423,-1,24.895180811808117,13.26860516605166,23.79881180811808,11.459763837638377,19.177564575645757,11.460870848708488,18.864354243542437,1.2002814724235398,107.55646499370928,108.5018130199086
1424,-1,23.898491704374056,13.353337104072398,23.526263197586726,11.802884615384617,18.995965309200603,9.483484162895927,20.025622171945702,1.2275535512236733,108.09772579625107,106.80919373931789
1425,-1,25.057205149501662,12.911510243632335,24.198941029900332,10.333250276854928,17.801550387596897,10.689548726467331,20.582239756367663,1.1186954379821794,110.37801880296732,107.34024072330423
1426,-1,24.873348017621147,13.423847848187055,25.2663419179939,11.846458827516097,19.9490257539817,11.343773297187393,22.201956963741104,0.9615466529699319,106.49860879569452,106.2013677372464
1427,-1,21.93911113319002,10.596369926115939,23.54934335314414,12.219427985620609,16.64895135213252,14.532310728543816,21.920854634463574,0.8111167917763931,97.58966894834958,107.48908032139377
1428,-1,22.439554531490018,12.425622119815669,22.418870967741935,9.796793394777264,17.168821044546853,11.573809523809523,19.06067588325653,0.9460770659264793,106.6627110835374,107.97491050868527
1429,-1,24.637828122938927,14.579845996570374,24.181242580134548,9.997782284659017,17.26319911621158,11.563291452314997,18.695942158026646,1.320125548212347,112.57861270805421,108.61252062086393
1430,-1,23.816829474475178,13.324918987460666,24.426454703423662,9.619475884093365,18.07605785939041,12.209176724745221,19.82973277602968,1.1676394510777766,107.7219791620091,107.34686667273776
1431,-1,24.248734968448623,13.664029944040958,24.91004881533516,9.848932908679604,19.147480354804145,11.676561197761638,22.31319204667222,1.1225147819722556,106.21114176365387,104.62395059548274
1432,-1,,,,,,,,,,
1433,-1,25.29445239221092,13.105481971927688,22.751314219956775,11.206374025229817,19.27503513046359,10.435089288815155,18.736397631432013,1.3161352455469348,110.11072608669167,105.3623943582678
1434,-1,24.072015503875967,13.602403100775193,24.18457364341085,10.276550387596899,19.699379844961243,11.746744186046511,20.11794573643411,1.03289041908007,107.47655433051926,107.2988357587829
1435,-1,23.722578161755273,13.774399352037978,23.705728297905708,10.056955612106696,17.456560169938555,11.480798957130432,20.13829177537317,1.2274834848639722,111.42583666822462,108.55300948273666
1436,-1,23.497826408520147,12.978362698047466,22.669297712181972,11.384228518835053,17.433674643350205,11.875024653211492,17.190782985996975,1.2933573615585103,105.43353845560293,106.22035532664685
1437,-1,24.22267316017316,11.77487889095032,23.27058853844568,12.047451556380128,19.03476087404659,12.19904401154401,20.60318748711606,1.0813370984966677,112.20402129872242,107.6162692805911
1438,-1,23.636784627031552,12.370648969927355,23.921621055683524,9.758236956976951,16.686099656910912,12.74256841647472,17.55420968703188,1.3655976219614194,109.30677331056316,107.2495051362589
1439,-1,23.328127896365373,12.170290242546091,21.945250673739146,9.259879725085911,17.057934436982222,10.09892379974619,21.443598408692306,1.1506238205224362,108.57744070590942,107.44066400500229
1440,-1,26.97729844116661,13.985993546765002,23.63697410325176,11.555208682534362,18.808225779416695,12.777803385853169,20.70888157894737,1.1305877264440767,108.17348129157293,111.75201153355087
1441,-1,24.590983508706106,12.32251820522878,22.733402118116548,12.02092535429848,20.528522946262598,11.388210515544792,19.70118696386241,0.9200838652589309,105.9917625423027,109.47580716683026
1442,-1,22.5789575729927,12.103170620437957,23.607367700729927,8.417734945255475,17.65793795620438,11.216742700729927,19.255885036496352,1.0121705015600293,104.27557320507921,106.95310505392375
1443,-1,25.613713570534596,12.213420793849455,23.87914208236486,13.211341557899756,19.302485994397756,8.290079116753084,20.64737320460099,0.9060712765402568,107.15167907655422,108.2344226611836
1444,-1,23.818288779432613,12.042144725880238,23.924531197474387,11.763340592525468,19.213054853184055,10.952301261345532,22.573203349946652,0.9829121018521207,108.94808982193501,107.84246012338888
1445,-1,22.00071225071225,10.753086419753085,21.866096866096868,12.017094017094017,18.975071225071225,13.461538461538462,19.90479582146249,0.7295622918530582,95.20397574276356,104.00125482538897
1446,-1,,,,,,,,,,
1447,-1,24.090696906827613,12.587223374827108,24.09524707657488,12.434246510750661,20.054193386143595,10.927016534641016,20.099467182195397,0.9549642611187175,105.23842626602415,106.25765903885753
1448,-1,26.080150227087458,13.65418777415473,24.783957823842243,12.535592319785723,19.64852684290206,10.488094891502659,24.236787925546366,1.0151612412815108,110.94045903975105,112.93843582330041
1449,-1,27.863205871521362,14.05744121238871,23.04663609203397,12.139426866474942,20.050226935287654,11.23555107667682,20.430479549635244,1.256300450711755,111.85165471990621,109.46979464232312
1450,-1,24.17104700854701,13.673382173382175,25.183279914529916,9.042521367521367,16.408478327228327,15.061973443223442,16.265873015873016,1.3037606227679253,105.94677964457887,100.16444247069052
1451,-1,23.754295532646047,12.238831615120276,24.22594501718213,8.823883161512027,18.58676975945017,10.701890034364261,21.830756013745706,1.0317033821892423,110.13892934751041,109.37100313807946
1452,-1,23.955076699459838,14.04581279580176,21.94509785562533,12.713671921153715,19.525695266503035,12.501515485911867,21.60758194391498,1.2773411923958384,110.8873899629281,109.95351509877969
1453,-1,24.515584415584414,12.751515151515152,23.67064935064935,10.910389610389611,18.92813852813853,11.221212121212123,20.611861471861474,1.0811166193816364,108.14847115049824,109.05575689145502
1454,-1,23.641835839598997,13.841125313283207,21.738070175438594,11.187513784461153,18.49644486215539,11.322700501253133,21.36601754385965,1.2213105403299522,109.0170260241709,110.94878883758533
1455,-1,23.885558345391097,13.098935725026244,24.86197885635657,12.059320651402956,18.444074673021817,10.186548323261555,20.068647686327914,1.1985973007326631,110.63510952397104,105.77860823410265
1456,-1,23.99391412689285,14.374209315698678,24.260686218133024,9.169206440483036,16.950162928886332,11.37214874448917,19.49798734905118,1.2636762333148535,109.8848729513796,110.88253504768835
1457,-1,24.223125,13.88513888888889,25.397222222222222,10.77517361111111,17.648541666666667,11.72625,17.66420138888889,1.1356371595440682,102.23768919474955,104.82854245834532
1458,-1,22.941799712856074,12.04884744293592,22.345400743267554,10.251151250206666,16.297615805802202,10.646975871157231,18.297991299368817,1.3780614901821304,111.80038293859712,107.94495352343529
1459,-1,23.62427401340283,11.857185405807893,22.085232067510546,9.01957061305535,16.55433109952842,11.694800198560436,18.429486224869695,1.147431111586194,110.1719603063194,106.04683204516205
1460,-1,22.70632183908046,12.188923719958202,22.05829974623078,9.170995670995671,18.645267950440363,10.68649052097328,19.063875205254515,1.0618908054399447,105.62412872536513,105.68159757796985
1461,-1,23.082847795606792,12.229007633587786,24.700568624396325,8.808404735940178,18.54377628914161,11.095139429817728,23.32236329646362,1.0465097046830705,106.43531503340608,107.20739984773024
1462,-1,24.559644372795415,13.046372078924163,24.621906690917108,11.128944141313932,18.049131255511462,10.756162505511464,22.116822365520285,1.18710304810059,112.3642041710477,108.58810103313114
1463,-1,24.890139744498356,12.939370604590307,25.097998328154247,11.237124970470116,17.417002853041122,8.208671791237347,21.172104708426467,1.0759567673482906,110.54053656950506,111.10668881966794
1464,-1,24.98436750359827,13.64750919558612,23.329481848712618,10.707120582120583,18.518351191428117,10.412422037422036,19.826803134495442,1.2269436732929428,107.57303512768412,110.6388955854741
1465,-1,26.136904761904763,10.654761904761905,26.333333333333336,10.029761904761905,21.273809523809526,12.672619047619047,18.976190476190474,1.0177725383082525,113.71043885581275,111.25081609893473
1466,-1,23.587662337662337,10.600649350649352,25.555194805194805,11.055194805194805,18.685064935064936,10.75,18.883116883116884,0.8756953534807261,99.81423452025012,106.289298027905
1467,-1,,,,,,,,,,
1468,-1,,,,,,,,,,
1469,-1,,,,,,,,,,
1470,-1,,,,,,,,,,
1471,-1,,,,,,,,,,
